interaction_id,survey_id,satisfaction_rating,would_recommend,survey_comment
2b8f5009-c1ef-49ec-bc06-c2b3e170cfb3,0,4,Yes,Great service!
503b4078-a39c-4ec6-b746-4c02871854c1,1,5,Yes,Great service!
f480b91e-700e-4efc-a4ff-c31a5b86ea69,2,3,Yes,Average experience.
b69f75c5-c82b-41be-a1eb-64e6fd498e20,3,3,Yes,Average experience.
dd3f487e-52bd-4661-9fe0-a8c7fc8d5b93,4,2,Yes,Needs improvement.
89b4094a-e048-41de-81f8-3199f4eae769,5,2,No,Needs improvement.
60452909-536d-47d7-be0f-84cec82f78fd,6,5,Yes,Great service!
accb461a-9d13-4363-9f29-4a8bd1846c39,7,5,Yes,Great service!
09ce3cfb-2339-4a19-a563-7cc3ca97ebf5,8,1,No,Needs improvement.
8a9c66f7-cee4-4512-9802-b640ab0b4cc5,9,2,Yes,Needs improvement.
7fc15858-2fa0-4842-bc55-300b06a241af,10,3,Yes,Average experience.
06ac1010-2e08-49c1-853b-45fe636cf499,11,2,Yes,Needs improvement.
80ff2909-2d85-4212-b554-e1f8f9a55cf2,12,3,No,Average experience.
38491ecc-8891-47fd-a804-d0ac795741bb,13,3,Yes,Average experience.
31891f48-e66e-4c11-91de-febf9e98961d,14,2,Yes,Needs improvement.
ba533122-74b7-4620-8a73-b0bff2ce7eeb,15,1,Yes,Needs improvement.
756eb67d-acab-4b69-9ba3-7cb59399ad15,16,5,Yes,Great service!
8163b6ce-1877-4c06-94ad-625215bc2a3e,17,3,Yes,Average experience.
27c00f89-9e3b-41b3-8330-125c1a9b0d42,18,1,No,Needs improvement.
5e187b24-8e67-4a01-986a-646059a1120e,19,3,No,Average experience.
90a4a421-b949-4906-939f-44ebbe5e215e,20,3,No,Average experience.
d77fbeeb-14fc-4a5d-9b4b-f377a542deb9,21,3,No,Average experience.
be4969ec-6667-43bb-a3b5-63606fdc0bad,22,3,No,Average experience.
2d761ffa-7233-45af-9813-3da17d2120ad,23,3,Yes,Average experience.
d0b1e3eb-409e-4a80-86c5-d1d69ea9f508,24,4,Yes,Great service!
b66edbf4-a0ea-4251-8957-43a281b13b80,25,4,Yes,Great service!
c8ebe27a-23a4-470e-9dbc-15c02a7dc57c,26,1,No,Needs improvement.
b8875caf-1991-403f-906e-ccbc3a8359b6,27,5,No,Great service!
45f8c28d-a255-41bb-8795-8c1f538d6b8c,28,5,Yes,Great service!
a921cb4c-95fb-4976-ae00-7b7e2f8c83e5,29,5,No,Great service!
6f75ee8a-aee1-4f87-bcff-e9e3140ff589,30,4,Yes,Great service!
69c165ae-4c61-4ae8-87a3-7f1061b512ed,31,3,Yes,Average experience.
2fe5b140-23ea-4956-89f1-137d7d592e19,32,3,Yes,Average experience.
aa604892-3926-42e9-9b58-eb49c9784b52,33,4,Yes,Great service!
38cd9122-fc01-45e1-8ce2-afa201ae7eb1,34,4,No,Great service!
7f072cb9-2fd3-40c0-b945-f2fd56cb1ab0,35,4,Yes,Great service!
2926205d-0d53-451a-b4f0-2f6faf3f9d9a,36,1,Yes,Needs improvement.
b7e6a14c-dc8a-4922-9005-680f24c778a5,37,3,Yes,Average experience.
624a2a50-d0b1-4de0-b1f3-f0c022f3f068,38,4,Yes,Great service!
a754a29f-f143-4545-ae6b-34b907ef2ba8,39,3,Yes,Average experience.
758fc8fa-0614-4c41-a75c-75dcafa08cbe,40,4,No,Great service!
bca726eb-03ef-4f77-848a-c92433478a91,41,5,Yes,Great service!
4f2dad3f-10d4-4e39-9612-37c9e25df9a8,42,2,No,Needs improvement.
b3b6d344-f2e3-46f0-8075-d3d5ba94aa66,43,1,Yes,Needs improvement.
43b47ee5-e1e8-4e7e-a249-8f666e51484d,44,3,Yes,Average experience.
8198d1f5-6839-498f-accf-147242d7f112,45,3,Yes,Average experience.
c3a1962d-698f-446d-9f29-0290d8485a54,46,4,No,Great service!
f67839b2-22b5-4457-9860-ad28d0afb235,47,2,Yes,Needs improvement.
4fc77768-5ebb-4ca5-a84b-f9625744f596,48,4,Yes,Great service!
db2c6ac8-9c67-4393-aced-3c0d317304b5,49,3,No,Average experience.
f7164b73-c555-43ed-be89-56c8d9cb3540,50,3,Yes,Average experience.
0a1bebd3-e60e-4813-802d-a0fa227dcecc,51,1,Yes,Needs improvement.
e62d2d06-cf9b-4558-9a7f-195b73557b9d,52,2,Yes,Needs improvement.
8c0b393a-1333-4bc9-bb63-5ff529310971,53,2,Yes,Needs improvement.
79ec533c-3c53-490e-a1b4-1171929d674d,54,4,Yes,Great service!
c04446bf-d9f4-4bbd-8dec-644cda2d2156,55,1,Yes,Needs improvement.
d6b361e4-3b6d-4a0d-afe5-040b1901ef87,56,2,Yes,Needs improvement.
a205e54f-b1e8-409d-bc20-b9f24a9c589e,57,4,Yes,Great service!
1d57e734-31bf-4cf6-80b3-af7cd5b211a9,58,3,Yes,Average experience.
79ab56d1-b0d5-45ab-8891-d55d94c176b9,59,3,Yes,Average experience.
5e09a9ee-af88-4dec-bb1e-143b196f4dfa,60,2,No,Needs improvement.
a7cd13cb-abda-46b2-a0d2-b5285b6d6b7c,61,3,Yes,Average experience.
06ba8cd3-7e78-48c9-8a55-e38b3c9abe10,62,4,No,Great service!
2a1f1b61-265c-49d9-8962-8f6e929c93b3,63,1,Yes,Needs improvement.
55c34853-0783-443c-a65f-ad87c57c7498,64,1,Yes,Needs improvement.
de4b061e-b45e-4463-832a-09e05071e5f0,65,4,Yes,Great service!
0accb23c-ba6d-4ed8-a110-e887289ac251,66,5,No,Great service!
96ee50e5-1f87-4b46-80a0-473a23d7e6a1,67,4,No,Great service!
1689e0b8-c79d-4b62-8379-44c1c90394ea,68,4,Yes,Great service!
ce63cb1a-5168-4bf2-97af-5bde3c8e9d78,69,1,No,Needs improvement.
4363589c-3249-4cff-89e2-df24e42c0aea,70,3,Yes,Average experience.
980b6853-0c70-41eb-9f85-c2dd88e44a48,71,4,Yes,Great service!
c6b18d94-324b-4c3d-9a77-91a2bd0b0fa2,72,4,Yes,Great service!
653c8f74-a507-4897-9afa-826744791214,73,5,Yes,Great service!
d1a7ba20-11b4-41e9-b15d-a72dd4cee27c,74,1,Yes,Needs improvement.
88addab1-d765-4a18-a4d4-66ebbf74531c,75,3,Yes,Average experience.
4f2da233-0e16-4b12-9bdc-70d19cbf7b8c,76,2,Yes,Needs improvement.
c00b19de-38db-428d-a5db-6e4347bf8db7,77,1,Yes,Needs improvement.
002f2ca4-743e-4531-9dfb-19228aa6b006,78,3,Yes,Average experience.
5fb8944d-de00-48aa-8439-6fc0c26e2706,79,1,Yes,Needs improvement.
7ab99428-378e-4510-8f10-d33eabe42e7d,80,2,Yes,Needs improvement.
4ee4334e-ce92-4136-ac3a-812f765e6cb5,81,1,Yes,Needs improvement.
3b3f3800-a175-49c3-97b1-02a92332a50e,82,2,Yes,Needs improvement.
08987462-980c-495c-99d4-5deb1139fa12,83,5,No,Great service!
ef06fccb-8f7c-4d59-994b-2a3a7ad465a1,84,2,Yes,Needs improvement.
465568b7-b8e1-4f56-8787-ea2104482a22,85,2,Yes,Needs improvement.
39eb038a-436e-4c49-b70e-09db7092d401,86,1,Yes,Needs improvement.
31567f2a-cef7-4829-b63e-6ef4f8dfcc3a,87,2,No,Needs improvement.
411920f6-d056-4199-b728-ddc20f5e8b47,88,5,Yes,Great service!
a97a4f4e-3c10-471b-ba4f-4b0320029d9f,89,4,Yes,Great service!
bdf66ba5-dc9c-46de-a5a6-74c212738a23,90,3,Yes,Average experience.
5f5ba255-e544-4887-b36a-b3ed69be173a,91,4,No,Great service!
57bcad3a-d0a1-4fe8-9f64-2a5317cba85d,92,2,Yes,Needs improvement.
fac08fc4-6b2d-4ccc-a279-403ce1a2cfe7,93,4,Yes,Great service!
2294fa0a-8482-4c08-842c-65ad9883e9b1,94,4,Yes,Great service!
c9776598-203c-4c25-bd23-5def3e5a87e3,95,2,Yes,Needs improvement.
7c54535f-6c8c-4b6a-a974-d079716fda0a,96,5,Yes,Great service!
5c56d9bc-5111-431d-a3be-441dbd5a0c9e,97,4,Yes,Great service!
1f4a8ca1-ab85-4d59-9463-adc78fca7b6a,98,3,No,Average experience.
75873920-142e-4df0-bc28-f5dcd12daea8,99,1,No,Needs improvement.
73d92ace-b746-4b72-9d00-df1ba83c1c2b,100,2,Yes,Needs improvement.
6928043e-d492-451a-b828-3a052baa43c9,101,4,Yes,Great service!
5cf85eeb-f053-4851-9ce0-e2bbc7edea02,102,2,Yes,Needs improvement.
5e2ad32d-31ab-4b56-95c9-fdc7e76adca9,103,2,No,Needs improvement.
138d994c-2b0a-4edd-8774-44cb5543fc3c,104,5,No,Great service!
f275b5f3-d436-47a8-b3ec-b951ab8cbf97,105,3,Yes,Average experience.
cfdfc6f9-eb0f-427c-a82a-3879f2b5a7ea,106,2,Yes,Needs improvement.
5cb5e69c-5dc7-43e6-a529-64ffc74cc890,107,3,No,Average experience.
09a0a0f6-73b0-4091-b634-c1694f76e388,108,3,No,Average experience.
d773f98d-550c-4fe9-a54c-11d9f2e61828,109,4,Yes,Great service!
ecb4678c-1612-4aa6-be96-39ba0ed2ec9d,110,4,Yes,Great service!
b49b4b72-c631-4c16-9827-bc1d93e0f235,111,3,No,Average experience.
6ba4170b-4e9d-43e9-9f16-2ec3be848aa2,112,2,Yes,Needs improvement.
896490ab-4926-4e5f-b878-6140ac2a4f71,113,2,Yes,Needs improvement.
74bd0c93-8177-4661-b7fe-032c02571851,114,2,No,Needs improvement.
16dc5a6e-a789-4770-95ec-024ae64b9b37,115,4,No,Great service!
7bf69552-4cbc-4044-abcd-5ce746a56fe8,116,1,No,Needs improvement.
d54e7948-c1c0-45e3-927c-8f50e45a87e8,117,2,Yes,Needs improvement.
a6499cdc-507b-4072-a5e5-8f345df06e8c,118,2,No,Needs improvement.
d82c7565-4bb9-47ec-93c1-175427aa7cbc,119,3,Yes,Average experience.
a5b40983-3eeb-404a-9df2-372e9e825aae,120,3,Yes,Average experience.
a9681fc1-ba5c-465d-b834-4070e0e5f6e5,121,4,Yes,Great service!
09912f46-4ce6-428b-a46a-cc9a98611260,122,4,No,Great service!
9a3a6103-6e3c-4532-9434-8f626cac028c,123,1,Yes,Needs improvement.
86bb42c7-d8b2-48b6-9c65-4aa2c63ce21d,124,4,Yes,Great service!
7b31dcdc-40d9-4a8e-9f44-aa88855b6c5b,125,3,No,Average experience.
95804c2a-c44f-44b8-9b80-b8d18788dfed,126,3,Yes,Average experience.
846d5a3b-2661-4426-b038-5dd74c7d9313,127,5,Yes,Great service!
49c10669-c6b3-4fe6-9c76-bdf66c5a6c93,128,2,No,Needs improvement.
60538c1b-a845-40a1-8249-2e5e005fd0e6,129,4,Yes,Great service!
d479cc36-716c-41f2-9ec0-0f3adc461b34,130,2,Yes,Needs improvement.
b93b770c-1336-4c0c-82ff-1f2ec78f07cf,131,4,No,Great service!
1feae1e0-d9e6-44b3-8412-a335d88c656d,132,4,Yes,Great service!
ac5f12ef-8085-4147-9e91-0f365f705b25,133,3,Yes,Average experience.
e90d21cb-7f11-4a36-8c52-d2710a167e18,134,3,Yes,Average experience.
93e34c35-ef0a-473d-93d2-d56dd0401587,135,1,Yes,Needs improvement.
03438b64-00b3-400f-bc08-899054a27051,136,3,Yes,Average experience.
d02c75f9-198d-43a4-8cd2-0e4376dae194,137,3,Yes,Average experience.
396c357b-dd66-4071-8fd7-b1a1bd4f6118,138,5,Yes,Great service!
b011b125-0221-41e5-88fc-3da1781d5b6c,139,2,Yes,Needs improvement.
8e6b3085-82e2-402d-8dbc-de5aeb4aede6,140,4,Yes,Great service!
7885187d-18fc-43b7-8b35-6e9a2e5eeb6a,141,3,Yes,Average experience.
c1235c91-76c5-40dc-be7e-7419a0c14035,142,1,Yes,Needs improvement.
44cdbfdd-df9b-441e-87f7-bda1bff15840,143,4,Yes,Great service!
927f8103-da94-48c0-a9b4-4cb10cb5ee5c,144,4,Yes,Great service!
cadec379-2ab4-43f6-9aa6-7474e200c157,145,1,Yes,Needs improvement.
5297e1ad-edba-4484-a759-1ad40a398bf7,146,4,Yes,Great service!
518b2f21-9cf2-4859-ae6e-2e7253f591dc,147,3,Yes,Average experience.
3c4b1eec-6231-4e73-82c2-d2eb01bf9e73,148,4,No,Great service!
a3a6ef83-cab6-4107-afd6-9b3af2dd9456,149,4,Yes,Great service!
25f06b0a-264e-459d-aa18-e5af1cce08e9,150,3,Yes,Average experience.
d7d80594-9d98-47bc-a018-0791eeb093fe,151,1,No,Needs improvement.
e22649ee-38a0-4ffe-9972-78c51789be63,152,3,Yes,Average experience.
b3e6f4c6-d428-4f6c-89aa-429334a0dcd4,153,4,Yes,Great service!
57632e1e-008f-4ab9-b8c4-6b38a8ae57b9,154,5,Yes,Great service!
3abf9c65-6dd0-43f3-87a2-0e22b298b811,155,4,Yes,Great service!
df92a621-63f4-469d-8534-a1018ddce719,156,3,Yes,Average experience.
1a43db54-523a-4993-8b34-46bc8ba435cc,157,4,Yes,Great service!
4739cc7b-bff3-4c8d-83ff-3e9667213a70,158,3,No,Average experience.
caaa5bbe-a4bb-4962-a06e-0e1c8f158449,159,1,Yes,Needs improvement.
23d3cd4c-bd5f-4093-816f-9bcc6243bed7,160,5,Yes,Great service!
36a2c52b-0047-4139-985d-f528b4258e19,161,5,Yes,Great service!
d9eb404c-1851-41cf-9dab-b10abd10f87c,162,5,Yes,Great service!
8c32bdb2-d42a-495e-8fcf-601f1cb9b73a,163,3,No,Average experience.
de0bde18-59e1-40eb-9f09-6b9d696929b2,164,5,Yes,Great service!
3f8ea40a-6b0a-40e3-9d89-6047dd39d793,165,4,Yes,Great service!
b0b39015-3510-4852-b474-634949fc2cd8,166,4,Yes,Great service!
ac75c344-608e-449e-84b9-e6020d31812e,167,2,No,Needs improvement.
ddb449dc-7710-4966-a082-7f7611a529b4,168,4,Yes,Great service!
cd5ae324-fe7c-40e9-a179-1e933fc825ac,169,3,Yes,Average experience.
166ecfe3-6d77-4595-80fa-0eb45c5f48d4,170,2,Yes,Needs improvement.
73e88db6-9e23-43d0-b491-5c14a30b669c,171,3,Yes,Average experience.
c42cbc39-e05b-46c5-9636-3094a97431db,172,4,Yes,Great service!
cebd3b2b-9cfb-4ce7-a8f2-c584ccca1e14,173,3,Yes,Average experience.
a58e83dd-548c-4d84-b40d-e04941476506,174,2,Yes,Needs improvement.
da296905-ee22-470b-9ee9-32603002d831,175,4,Yes,Great service!
5128b9b1-f8ed-40ca-a015-6a7212e153a6,176,4,Yes,Great service!
bf31c29f-82bb-4d84-b8d5-101f423cad9d,177,5,Yes,Great service!
330ccff5-88a5-4a0d-89a8-5dc50131ff3b,178,3,Yes,Average experience.
df6c0d60-3df7-4a69-bc45-144a3c1fdff0,179,2,Yes,Needs improvement.
34f541c0-c8c5-4b2a-b490-adeb57d337d3,180,3,Yes,Average experience.
3948fe22-022a-4dda-8d05-79e299e4704c,181,4,Yes,Great service!
726a030d-bc8c-4a8f-8655-a5977ccc63de,182,2,Yes,Needs improvement.
287e4086-a854-427e-9667-3e4981338bdc,183,1,Yes,Needs improvement.
963a4333-e582-45dc-b5f1-c654ae7cfd14,184,4,Yes,Great service!
d46b7756-b9e4-49ef-88d4-95a48cb21aa2,185,3,No,Average experience.
14e4180c-fe99-46a3-a2db-c8503c5bf3a7,186,4,Yes,Great service!
fef7d9ea-7f8e-4483-a8ca-aa1dc35bec2c,187,4,Yes,Great service!
bd5609c4-a446-4663-b93b-17fbf76d15fd,188,3,Yes,Average experience.
7d8d3ddd-2cf1-49cb-8f1e-1a378ac8ad93,189,4,Yes,Great service!
7c966b55-2f8d-4ded-ac4c-450b623ad0fc,190,5,No,Great service!
97fe56c5-4c9a-4f24-97b4-c294bd44089d,191,3,Yes,Average experience.
9dd43675-ef14-4064-aab0-7015a3422e50,192,1,Yes,Needs improvement.
2cd58759-e95d-4761-bc36-dc59e134edfc,193,1,Yes,Needs improvement.
23ff23d3-fb4f-488a-af4d-d219186b2880,194,2,Yes,Needs improvement.
8b31f4d8-e073-41d0-9929-afeb48842a14,195,2,Yes,Needs improvement.
b0416f19-bbe7-4835-8e8b-f78a60ddc7f1,196,3,Yes,Average experience.
b0c07fcc-96ad-44df-adf7-5924c5b8386b,197,5,Yes,Great service!
c4f9eccd-7630-48a7-b0ca-fdd8fc043f08,198,3,Yes,Average experience.
40ef3935-5f90-4ed6-bb25-664d630aa767,199,2,Yes,Needs improvement.
58321ee4-8471-44b0-ae1b-9f697740d831,200,3,No,Average experience.
905881df-ee9b-43e1-9d27-c09a5d71a898,201,1,Yes,Needs improvement.
35ba9357-3ca8-4f31-8fd7-f3b9c68fcba5,202,4,Yes,Great service!
618192de-db37-4ca7-aea5-e3418e2ac3ff,203,5,Yes,Great service!
7674456f-626d-419d-81cf-325298159d6c,204,2,Yes,Needs improvement.
20f0156a-1e6a-4628-9c6d-52d5ae2e9af9,205,4,Yes,Great service!
45712959-51e7-44e4-b864-ca08ea75752d,206,4,Yes,Great service!
b186a5a8-d6ee-426b-a2cd-159058af393c,207,5,No,Great service!
ee01b9e0-746b-461a-b1cc-6738f68ae9b7,208,2,Yes,Needs improvement.
bd17c5e8-d5ca-49ab-8a2e-6a93c5580bb2,209,4,Yes,Great service!
d1812f77-6500-4423-baeb-cd19e5508ea2,210,1,No,Needs improvement.
fe54ee4b-80ff-4173-a3df-ecd70e731dd7,211,3,Yes,Average experience.
06b919aa-1a71-47c7-a875-9545832f52c4,212,1,No,Needs improvement.
90d9170c-f2de-475c-90fc-c9f12ddc756b,213,4,No,Great service!
a65d958e-936d-41a8-93ac-b00e32eeeb38,214,1,Yes,Needs improvement.
45f18619-54f9-4429-a7de-02ccdda4f4a7,215,1,No,Needs improvement.
350843f0-8de0-4fc2-83e1-5a85d46ef104,216,2,Yes,Needs improvement.
0ac4de85-4a5b-4aff-a57f-7595cdfb4db9,217,4,Yes,Great service!
2196b3b5-fc21-409b-ba27-bc64396d1ffb,218,5,Yes,Great service!
c8c85ad6-82cb-4dc7-bcd3-0e99638e1388,219,5,No,Great service!
63c4e76d-a55f-4725-bcb3-c168b7062cfa,220,3,Yes,Average experience.
2e9522d6-9679-4482-a3c9-88e48d2238e6,221,1,Yes,Needs improvement.
6dfd171a-f7d7-465d-b7c3-b3c965d0b517,222,2,Yes,Needs improvement.
d2efa93b-e9d6-4b7e-b61d-b014711456de,223,4,Yes,Great service!
d4578ad9-a867-4096-add8-77c89be71737,224,2,Yes,Needs improvement.
e5f5c891-4be3-48a8-8b39-dccf7c9f3bc3,225,3,Yes,Average experience.
7eb162f1-4806-4804-8cf0-374c0c74dc0f,226,3,No,Average experience.
f3f8dea4-7f14-4afa-a9f0-ef7c02e7df89,227,4,No,Great service!
1c4760a5-5270-4b29-a412-47a268e8f311,228,5,No,Great service!
a9902071-ffda-4a93-82f2-900401e187d8,229,4,Yes,Great service!
ac7051d1-d051-467f-ac2a-c34b9e0b7b01,230,4,No,Great service!
05eee1d4-7f53-488e-8efc-8248e10b1a47,231,3,Yes,Average experience.
565f1491-edb6-4b81-8ec6-8cfea3fd17f0,232,2,Yes,Needs improvement.
fa8dae42-ba54-4920-a099-d18087623997,233,3,Yes,Average experience.
44e22691-92de-4495-a4f1-e8e837f3f32b,234,1,No,Needs improvement.
a81fdec3-279c-458a-b676-0ce581e5c9f6,235,4,Yes,Great service!
4f11d8dc-5cd3-4369-84aa-c1b75ca0c428,236,1,Yes,Needs improvement.
713f8f8c-ec8b-4537-98ab-4778143b45e3,237,4,Yes,Great service!
afd0d2f7-e352-4444-af04-af36567c5d44,238,3,Yes,Average experience.
12b99a50-8cb6-41f0-a509-6396761579e7,239,3,Yes,Average experience.
8d56bff6-69c9-420f-b425-449cc145d6ba,240,1,Yes,Needs improvement.
6e54ac6d-2ff8-487e-9659-1c8921ebfaa9,241,2,Yes,Needs improvement.
d7f34368-c2ef-4ecb-bf5f-bf4fd4176230,242,5,Yes,Great service!
f7ff88d4-b509-408a-ac98-8bca51397c06,243,2,Yes,Needs improvement.
19f738cb-6016-4743-8bc8-3a0259ea4936,244,1,Yes,Needs improvement.
ea4f4a80-dc41-4176-9b59-f28ea9de5b26,245,2,No,Needs improvement.
638abdf6-6df7-4cd3-979a-a0517317591a,246,2,Yes,Needs improvement.
b65ad0f1-4350-4b06-9059-ea28861b4f5b,247,4,Yes,Great service!
180dc855-c55f-4de8-bc3e-1d1975f94230,248,3,Yes,Average experience.
9aba0f15-b214-4062-be1a-963eea18d32c,249,2,Yes,Needs improvement.
a267d32f-ddcb-44bc-8dbd-c5da787515b9,250,1,Yes,Needs improvement.
a86d8706-637b-4648-9617-b9c0a449d64f,251,5,Yes,Great service!
a4afe7bd-ae45-4cc6-b88e-830fde1e994a,252,3,No,Average experience.
28e333b6-4e8a-4c4b-b724-20411e43fbd2,253,2,Yes,Needs improvement.
b34c6c73-5833-4b30-ac77-6e950b981ccd,254,4,Yes,Great service!
7e7d9a19-ab45-4578-92fb-acf6d5d1c669,255,4,Yes,Great service!
690e7e62-3432-4ec6-b0c4-a01c69b7c0fa,256,1,Yes,Needs improvement.
ea7a8c21-61a1-429c-9228-ed8de2ba9fce,257,3,Yes,Average experience.
4690fb15-27b6-48dc-989d-ecb075eb89c2,258,4,Yes,Great service!
90019ed4-0bb4-41e7-a9f7-53f1501ba851,259,5,Yes,Great service!
2eb23ca3-1186-4a93-9a7d-cc533020cf06,260,2,Yes,Needs improvement.
df3a098a-ccac-4fb5-9a0c-6c0493cd1291,261,3,No,Average experience.
d700b461-8cb6-40ba-925f-819964953d5f,262,2,Yes,Needs improvement.
83a9c235-5ffd-4015-853f-1db3d275bd43,263,4,Yes,Great service!
8bd88fcd-57a2-4e4e-887b-03e5e980f808,264,3,Yes,Average experience.
76f6a778-2246-4ac9-8a7e-ebc2db6f1c33,265,4,Yes,Great service!
fe268e77-9b45-47e0-b2fe-fdc23772aa97,266,3,Yes,Average experience.
c8d0f9e5-9919-45ea-98d0-0c2c17d30f32,267,4,No,Great service!
5616af7e-1057-4002-bb53-359e1bacbd0d,268,4,Yes,Great service!
e82b5b36-4269-428c-8bac-bedfff5a229e,269,3,Yes,Average experience.
74685b98-d2fe-4fde-9918-b3e5f2f25eef,270,2,Yes,Needs improvement.
5fa5e0aa-9b11-4530-bd24-7c11bf6b8cdf,271,5,Yes,Great service!
cf5e0f0b-cd67-45df-9b79-04e0ce30a61d,272,3,Yes,Average experience.
53c93ae7-7cf0-4bb3-b343-d9eb7466ef02,273,2,Yes,Needs improvement.
6307d4d1-21c9-415d-9104-5a16ef15ab72,274,1,Yes,Needs improvement.
f8cbab4c-9779-4e84-9e47-2e2276c3e642,275,4,Yes,Great service!
76e5ae78-7bf7-41d3-aa66-2fce7089fc6d,276,3,Yes,Average experience.
a3925731-6b79-4fcc-bd0a-5f0c0c394ec7,277,4,Yes,Great service!
24acb722-e052-4739-8d40-6f1b3ca5be29,278,1,No,Needs improvement.
33932b6c-9d37-4fb6-aafb-3e9054ec84ce,279,2,No,Needs improvement.
44f7f01a-3cb5-46d7-834a-130e8c6ea6ad,280,3,Yes,Average experience.
b271115b-8af0-4ec3-8b72-6a7c8f1c3fa0,281,1,Yes,Needs improvement.
db8f0e32-edef-4003-9fce-01e3042b03ca,282,4,Yes,Great service!
31cd9f6e-e3b1-4d36-b8e3-6397123b31cf,283,3,Yes,Average experience.
dcb33df3-13ee-4dc6-abd1-4d2c75b27455,284,5,No,Great service!
85ea16e0-84e3-4774-969a-def0df865633,285,2,Yes,Needs improvement.
9b2d5a2a-99bd-4240-a853-5961632d0302,286,4,Yes,Great service!
d2c0dec2-1751-44d7-8deb-2696015aba1d,287,3,No,Average experience.
2314d0c8-09f6-4405-8b99-00340a4e2552,288,3,Yes,Average experience.
f4fd25b7-384f-4e3b-8680-4a8a515f352c,289,4,Yes,Great service!
b87b6384-9fdd-4e2e-a8a2-b7ad2bd3cdcd,290,2,Yes,Needs improvement.
19a692c9-0d70-4ea4-bb9b-2d45a35055e4,291,2,No,Needs improvement.
8cd34c62-c482-4b71-ae84-b81c2e0fb5b3,292,4,Yes,Great service!
af4847f0-68bd-475b-beb6-581ea72f947d,293,4,No,Great service!
b193c8b8-ae49-4079-9bd0-d4c79e45455e,294,1,Yes,Needs improvement.
816bcb9f-7426-4193-8b7e-6b3c87d292a6,295,4,Yes,Great service!
1221cddf-7a4a-402f-a1d6-3b0fb1ac040d,296,4,Yes,Great service!
58c88c48-3ced-4d1f-93eb-22c9beced21a,297,4,No,Great service!
6bf7240f-ccc6-4fed-ba6e-43d0d9c59cd9,298,5,Yes,Great service!
0d41ee47-2a5f-4a18-a61f-0b96e75f745a,299,4,No,Great service!
21f6c63d-ac20-4f11-abd3-3927586528e6,300,2,Yes,Needs improvement.
62a50eec-881a-404f-bb23-feedb9a4de2b,301,1,Yes,Needs improvement.
727716ec-59fe-4bbc-b1a3-fad2b0946d2a,302,4,Yes,Great service!
9fc97264-35af-4b2d-b36d-778637a3c30a,303,3,No,Average experience.
6001f54d-01d7-4831-850f-1cdc1e2a03f1,304,2,No,Needs improvement.
0219a9c7-ba23-407a-b03c-1286b71714cd,305,2,No,Needs improvement.
1723ecdb-b058-4256-94b3-e8cfbfbbeab3,306,4,Yes,Great service!
5806a961-b9d7-47a9-a74e-d0b3bdce635f,307,3,Yes,Average experience.
15bfbe97-98a2-4f1c-914d-cfaef10013a7,308,2,Yes,Needs improvement.
c34e9baf-8f1c-42cc-8eef-9fa8b9a5d4d0,309,1,Yes,Needs improvement.
f013a170-d5cf-4b4c-8b34-fc841111ee29,310,1,Yes,Needs improvement.
49e1cd13-8da0-4495-9cce-5ba931d4ee09,311,2,Yes,Needs improvement.
591196dc-1d3e-403a-9645-f0e4647dc392,312,5,Yes,Great service!
dc432ed5-64ca-41c7-98e7-edf880a23721,313,2,No,Needs improvement.
5b0334d8-0f4d-4c40-8f5f-9707a008ac20,314,4,Yes,Great service!
4c2272f3-4811-4562-a91c-f19243e8644b,315,4,Yes,Great service!
4ffca6b1-99b4-49d4-89a2-14aef7e8f8e5,316,4,Yes,Great service!
9d642932-0066-453d-ade2-99a14a90cd0c,317,3,No,Average experience.
8c91bd13-8ea0-4346-892c-4801698f04f8,318,2,Yes,Needs improvement.
04f718c8-5215-4503-b012-f8197df37378,319,3,Yes,Average experience.
87ad8b26-8eaa-4841-aaa0-426df7c0d5f7,320,4,Yes,Great service!
27046f25-4b91-48cb-aae6-6582b852b3cd,321,4,Yes,Great service!
721e8b1f-3895-4939-9342-a09fb00ac64c,322,4,Yes,Great service!
15669e36-4708-403b-a716-10c19db54283,323,3,Yes,Average experience.
87a1ec02-3487-4e41-9a9c-672a4eb9047d,324,1,No,Needs improvement.
189099c9-f2be-429f-9514-9755838e9a61,325,4,Yes,Great service!
7caa281b-4e33-4644-8657-20ae5bd67d4d,326,2,Yes,Needs improvement.
839e7623-c1d8-41d3-aa74-b90caf2537f5,327,3,No,Average experience.
d3f4a49b-33ba-4a88-b6c7-d6fa7aa4f052,328,5,Yes,Great service!
3e711433-bd90-481a-bbe0-e6b8ee0f65a8,329,5,Yes,Great service!
a4b1f991-7542-4646-8d37-a539857dd3b3,330,3,Yes,Average experience.
3ea6e5b2-0c76-4d28-9f49-5037b40a9181,331,4,Yes,Great service!
e63949d4-47c6-4688-acf3-2053af36b8cc,332,2,Yes,Needs improvement.
23936d45-e1cc-4f0d-8078-636d01b062c1,333,3,Yes,Average experience.
b368d836-027d-4808-8920-7bc484399ed9,334,2,Yes,Needs improvement.
0a3217d2-373a-4df8-831e-930f0387f74d,335,4,Yes,Great service!
3dbc3093-a828-4442-bf73-8f5019a2676f,336,2,Yes,Needs improvement.
2d90e4ee-0de4-433e-92c0-620c1667c518,337,3,Yes,Average experience.
1b41a61e-85d1-41ef-8344-edb3ceed0ffc,338,3,Yes,Average experience.
720b274b-82a7-4586-a61d-9cde1747f387,339,2,Yes,Needs improvement.
95132c22-1583-4b99-a50a-13dcf004e897,340,3,No,Average experience.
51facefa-d6f8-4f7a-82fa-1da878308631,341,2,Yes,Needs improvement.
86379f04-d9ee-4dc9-87cf-eca822b9f24c,342,4,Yes,Great service!
f5e90352-3745-49f2-b1d1-88b913f39289,343,3,Yes,Average experience.
0b461173-00a8-4473-8242-5912bda3c162,344,4,No,Great service!
2cfa55b0-6e3f-483a-bf3c-51407f54a511,345,3,Yes,Average experience.
532401fc-f758-4ce2-8556-daea67b03283,346,4,Yes,Great service!
8df661da-5f07-41a5-9fc6-20ce7b07fd31,347,3,Yes,Average experience.
d0c59550-f69a-4539-98f4-2098591cc524,348,2,No,Needs improvement.
425e0259-b884-46d2-928f-cf68c871d7b3,349,4,No,Great service!
b0c58278-54dc-4ba5-a103-5e1ce3bb22ae,350,5,Yes,Great service!
9ee4105d-5f06-4c76-bb77-7e71d91738f8,351,3,Yes,Average experience.
da143a47-7823-41d9-994d-f188816ce054,352,2,Yes,Needs improvement.
d5e14d1f-e5f2-4dfb-a741-104b96721e98,353,4,Yes,Great service!
08a8ac7f-8621-48ad-8f09-105cf50d7a37,354,3,Yes,Average experience.
848b34f0-3498-4735-8d38-e415e03635fc,355,5,Yes,Great service!
fdd5b0f8-d6d7-44fd-af69-a9805ad479ef,356,3,Yes,Average experience.
1017ab44-3b53-464b-bcd6-1da4c2efda8b,357,3,Yes,Average experience.
1e7c6795-a8c6-42df-9d23-ff41dae13586,358,2,Yes,Needs improvement.
f26f9b19-5708-413e-8b54-167080cfb1db,359,4,Yes,Great service!
fa34d2e8-dd3f-4d7e-a508-dc9513a4a492,360,3,Yes,Average experience.
e8b77f7b-7321-4f6b-8a80-76ece5582e16,361,2,No,Needs improvement.
7930ba20-8b04-4f49-90be-73eefd372539,362,2,Yes,Needs improvement.
c1369c65-ae2a-4341-bf59-e4f2c3093b6e,363,4,Yes,Great service!
a1298fa2-227d-4660-a93f-c26697a418b8,364,1,No,Needs improvement.
d218c9d6-c093-4fb0-a4e9-bcfd9647ff9f,365,4,Yes,Great service!
db842660-f5d8-4b91-ae60-81ac2dd0622e,366,1,Yes,Needs improvement.
5e20c957-2ab8-4d33-911f-730bdbff00b0,367,5,Yes,Great service!
e7c225da-7306-4588-85d5-a68d290a3abb,368,5,No,Great service!
26c0747e-bf8e-4bfa-a0c9-da72368acd40,369,2,Yes,Needs improvement.
899ac252-c1e1-494a-b888-3058e9ad0e9b,370,2,No,Needs improvement.
2a26f770-4ddb-4b36-a72c-058884a2576c,371,3,No,Average experience.
b88cddde-3f20-46c2-b1b8-8d65406f64d6,372,2,Yes,Needs improvement.
379ef467-8a2d-42e6-bbfd-a8a6705fddf5,373,2,Yes,Needs improvement.
e3a68a70-7e71-4b55-8639-bd418b15bd94,374,2,Yes,Needs improvement.
12af97e4-c536-466e-bcc4-091bf45707c6,375,4,Yes,Great service!
abe5be96-a793-4a2e-b4f4-34048ff50701,376,4,Yes,Great service!
cd04c001-56a3-4ccc-893c-9cc6668b28da,377,5,Yes,Great service!
6929de73-8693-4d9d-ba89-cbebb807d78a,378,3,No,Average experience.
fff96acf-ee42-45ee-a52f-c3eceb4e2281,379,5,No,Great service!
493d6196-c926-4021-99da-8262c7903dc5,380,2,Yes,Needs improvement.
20363a73-1b7e-4502-8a9d-8831894e7397,381,3,Yes,Average experience.
f2a32efd-ff13-4c80-8398-c3320e500785,382,2,Yes,Needs improvement.
4057e470-be61-47a8-8351-b09d0dc5fb06,383,4,Yes,Great service!
01d909b4-cbf8-429e-bb30-ee9798d53cf5,384,1,Yes,Needs improvement.
a50784cb-c9df-401e-8ef0-0de1fb4f1972,385,3,Yes,Average experience.
b89f7039-a107-4c46-8634-17182ba6adb3,386,4,Yes,Great service!
dea050c6-eb9e-4274-ac6a-37ad81b15db9,387,3,Yes,Average experience.
1a2e9864-f8ea-4a36-af99-9b2a05aa5eab,388,2,Yes,Needs improvement.
1c0f0bdc-ac7e-437c-94cc-1e2a5e4cb287,389,2,Yes,Needs improvement.
8b0901ab-c66d-4eb3-8494-5e091d3ca5a4,390,3,Yes,Average experience.
46494296-6f58-42c3-bf86-cc319d66e815,391,2,Yes,Needs improvement.
07f8d4f0-f3ea-4184-a8f4-e3ceadedda80,392,2,Yes,Needs improvement.
0149a2af-0ab1-4504-9f8c-56e0243113fd,393,2,Yes,Needs improvement.
12ae5c22-741b-47f5-8c24-a05367f5ae02,394,2,Yes,Needs improvement.
8da5d39b-42c2-4797-8426-fcc9255b30e2,395,5,Yes,Great service!
2db13deb-ee6f-4bea-8df7-164713769ff9,396,3,Yes,Average experience.
15b24e1d-9715-4633-9d4e-db71eb2ec80e,397,2,Yes,Needs improvement.
afe3af13-8917-48e8-b733-60946b2b78b9,398,3,No,Average experience.
b77f69b9-30c9-451f-880b-2af7d315fafa,399,4,No,Great service!
6dda4f8d-cea6-4f4c-b9e5-8ff092f837d4,400,2,No,Needs improvement.
3240d7a1-4027-4b7d-9430-29a9d88f1c94,401,3,Yes,Average experience.
bb1e5ae8-17d8-41b8-bb93-cd40d8dff535,402,4,Yes,Great service!
0f9ca17b-8db8-4adf-ba3e-46b096f84ff7,403,4,Yes,Great service!
4fa5c35e-10cc-4604-a8b2-6b1bca9f1d59,404,3,Yes,Average experience.
9ea87552-c475-46bf-8f66-0bbd54fc286f,405,3,Yes,Average experience.
65daced0-460a-4125-bf8c-93d4c32afc4a,406,5,Yes,Great service!
65fdaadb-0c36-4d4e-915d-9a63dbc6c928,407,2,No,Needs improvement.
43a534d2-8e7d-4f5a-8773-e66a6db2b020,408,4,Yes,Great service!
da509fed-1d4a-4d81-b3a7-d0e0cb08587d,409,1,No,Needs improvement.
f0cf9d73-e812-4ef0-b9c9-c839c8ef0377,410,3,No,Average experience.
efcac577-1aa6-47cb-90c7-e6aca3bfe403,411,3,Yes,Average experience.
718d4d05-e8e2-4743-b65f-eea97d824264,412,5,Yes,Great service!
d913057d-c21f-44fc-90bc-bad585f80d9b,413,5,Yes,Great service!
dd18ab28-0d55-4b64-a334-7bac5c44ebd1,414,4,Yes,Great service!
3eb05181-7ba2-4588-8d56-0a3df4e7069a,415,2,Yes,Needs improvement.
668c8477-0b95-417c-9dae-1201673ba8bd,416,4,Yes,Great service!
5cbdb682-68aa-4236-90de-ef43cde5c35a,417,1,Yes,Needs improvement.
b072afc8-0577-4108-b166-2c94bbb24366,418,3,Yes,Average experience.
ab1021ce-aa14-4cd8-aff3-cde46aa42c9f,419,5,Yes,Great service!
48d90846-55c5-41fc-bba5-7cc8edaf3766,420,4,Yes,Great service!
37ec07a6-4b27-4079-9c5d-3f1b54c0c6c2,421,2,Yes,Needs improvement.
f8205aa7-996f-4e88-a7cb-fc39f54f1b92,422,3,Yes,Average experience.
be54898e-8eda-4433-9c65-a65c0f8a0c2c,423,3,Yes,Average experience.
902a405c-3d9f-4e59-9bc0-fa9352cdadef,424,4,Yes,Great service!
bcd2e8eb-3f55-40cd-bab7-127e4f32ea54,425,3,No,Average experience.
2285b2ef-cfbe-4fe9-aea9-c542a1b970d0,426,4,Yes,Great service!
92cf6021-1f33-442d-89ac-908746015028,427,2,Yes,Needs improvement.
c7de96ea-2b0f-4e44-89e6-4c2289a0b7eb,428,4,No,Great service!
788fd0cd-65c0-4b93-88ed-abdd4ef03f80,429,3,Yes,Average experience.
62874624-a433-4510-ad21-b4cca9e8f0d8,430,3,Yes,Average experience.
14dd5061-5557-46f8-a67e-ddcedf8f4197,431,4,No,Great service!
38d77b9a-e916-4a57-b248-23ab177a8a5f,432,4,No,Great service!
d6d441cc-195d-42f8-ae4a-9b5d519554e3,433,4,No,Great service!
7c3f1add-da38-4db5-90ee-b067216e9fe5,434,3,Yes,Average experience.
7c7c404e-c422-403e-b29a-6339577bc55a,435,3,Yes,Average experience.
f7315749-4f39-49a8-bd3a-258288b4f474,436,3,Yes,Average experience.
ae13591e-84fa-4c72-b9e7-a4f197fb613a,437,3,Yes,Average experience.
bc3536df-94f7-4dba-8581-1d2d1a89b71e,438,3,No,Average experience.
2a9528c3-5ae1-4bad-aa29-60fda85894df,439,3,Yes,Average experience.
1bf645f6-2324-4211-8588-fc1bb2384849,440,4,Yes,Great service!
f64e3dfc-bfbe-4c7a-afc5-97382fb21e66,441,3,No,Average experience.
0134e76b-0ed9-4a95-a26e-865b503be788,442,4,Yes,Great service!
43f9cd6b-797e-4e87-98cf-118806d25913,443,1,Yes,Needs improvement.
41dc1c60-a5f6-4735-b57b-6b29bb2aa146,444,2,Yes,Needs improvement.
6b11b7cb-6372-4424-82c5-6b21243012da,445,5,Yes,Great service!
8dab66d3-3f87-4fc2-9591-52f2a505da9c,446,3,Yes,Average experience.
4c80d33a-ad5b-43c8-8c88-0714837217e0,447,2,Yes,Needs improvement.
65262474-61a4-41ff-b00b-8b43ed3b9d13,448,1,Yes,Needs improvement.
9adfe981-6ab1-4e15-ba92-992e44f8b53c,449,3,Yes,Average experience.
8bb4995a-d976-42ba-8c27-f386cbf925b5,450,5,Yes,Great service!
cf5d337f-ee8d-4daa-8eb7-c3068f73198e,451,4,Yes,Great service!
d0c30018-6e3c-4d4f-95b1-45e470b27304,452,2,No,Needs improvement.
5a9c0679-2c3d-47e2-ad39-da75aee70ab2,453,4,Yes,Great service!
74f0beae-6a59-43ce-8364-35e321c71aa3,454,4,Yes,Great service!
ec48bf55-afd3-40c4-a713-582cf41ea3ac,455,3,No,Average experience.
d13757e1-4005-453d-976f-1e65e54c8739,456,2,No,Needs improvement.
901bcdef-b56f-48ce-bd66-971e88476c56,457,4,No,Great service!
cf39f648-083f-44c3-9ce3-62f8c3f725fe,458,4,No,Great service!
a65f7b8a-dbb4-4021-bdde-64afa75b395a,459,3,No,Average experience.
19a6f80e-f08c-46c2-b6ff-3521c2250530,460,5,No,Great service!
22ee7f07-5296-4fb3-8d40-7b285628ddcd,461,4,Yes,Great service!
9780c215-2b2b-48e9-a417-c09380a8a23d,462,2,Yes,Needs improvement.
7aaf2001-9912-416a-bd9e-8e2072f60958,463,1,Yes,Needs improvement.
7603c36c-f139-4e3c-8aee-25571f5df912,464,3,No,Average experience.
882d7fc1-be30-44f8-a601-47c348e09502,465,3,Yes,Average experience.
fba6abf7-cdbc-4653-b7a7-e8b75e70f65f,466,3,Yes,Average experience.
6afa828c-2cd1-4b9f-abe5-841fe9c96c52,467,4,Yes,Great service!
4ac66780-3874-4f3c-82d4-9b56cbbed980,468,3,Yes,Average experience.
56f401e5-c1e9-44fa-be47-27fdc51c91f4,469,5,Yes,Great service!
4b46ef33-95e7-4614-82b4-02815f269466,470,3,Yes,Average experience.
4dcd0009-c8d5-4717-9055-a36f4aa5f9d3,471,1,No,Needs improvement.
e9a53368-5812-4eb2-bc13-f47ac80c2195,472,5,Yes,Great service!
1b61d453-68c2-494d-b8b8-18cfbe153187,473,2,Yes,Needs improvement.
8b48f496-86ab-44e7-b412-436011536e99,474,3,Yes,Average experience.
776abf09-3de2-4859-91b1-943c1b2ededb,475,5,Yes,Great service!
7cd2192f-14b0-4f62-8768-b07f2e2bdc6c,476,4,Yes,Great service!
dd6d6b41-3692-4531-8609-7cd8a127dc6b,477,4,No,Great service!
43ef2016-2c9b-462e-840a-3aae52e2afd9,478,3,No,Average experience.
eb7607c9-b08a-4895-94ff-a66675c8e90d,479,2,No,Needs improvement.
0c06df90-aa1c-4023-b164-423549a2afde,480,4,Yes,Great service!
c4db5a62-2e13-418d-a8ab-80ea497ec6d1,481,2,Yes,Needs improvement.
deaf528d-2e70-4838-8190-262059dcabd0,482,2,Yes,Needs improvement.
0da23e5c-6a36-4f18-86d3-db93ee33688d,483,4,Yes,Great service!
3e00980e-ae44-4e21-9258-64f225d4a0fc,484,4,Yes,Great service!
1ac3bf31-7b96-42d1-8649-bcf6ff69723d,485,2,Yes,Needs improvement.
e835f080-d951-4f98-a79f-2f429256d707,486,3,Yes,Average experience.
46b518de-db4b-48eb-937d-0bd18d536c75,487,3,Yes,Average experience.
9f8acdeb-2e8f-45a8-847a-3b7ed209383b,488,1,Yes,Needs improvement.
5780be17-12fe-4c2b-9acf-42c5f3a02120,489,3,Yes,Average experience.
d73418fe-2b84-4ef3-986d-655d4cd99164,490,1,Yes,Needs improvement.
57b94dfb-af82-470c-b964-4e4f2aefcf3b,491,5,No,Great service!
33e4f986-f18c-4cdc-931e-b7233bcdf203,492,2,Yes,Needs improvement.
69fd28e6-e271-4ff9-aa95-27f6f8170ebf,493,4,Yes,Great service!
966b62ea-9f80-496b-b34e-356ac95b61f8,494,2,Yes,Needs improvement.
050dcbfe-d60b-4603-a750-350e1bad52a8,495,3,Yes,Average experience.
8ced4707-3903-4b65-81c6-1eeb0ce3c8c8,496,3,Yes,Average experience.
e0bd202c-54e1-4f3a-bba4-1ae0adf8f767,497,2,No,Needs improvement.
75dacbbe-09a9-461a-9823-3383279b637c,498,4,Yes,Great service!
fa207403-4ab4-47e3-a360-76812bbba89d,499,2,Yes,Needs improvement.
b1594847-5c0b-4b10-a757-cb1042f525b9,500,3,Yes,Average experience.
0ae4ac11-eb4d-4f42-8735-70a2e5110961,501,4,Yes,Great service!
ca0553a2-6553-415f-9ea1-5b0f95aeb18b,502,4,Yes,Great service!
e7094153-5a31-4916-aefb-2a2471693ed5,503,2,Yes,Needs improvement.
bb01b2a5-2c74-4800-941c-23fab11af726,504,3,Yes,Average experience.
b25b6de7-d652-4e08-82f4-3c10e869707c,505,5,Yes,Great service!
d92f3c1e-df70-4b2a-b8bb-22a5eba742d2,506,4,Yes,Great service!
eb91731a-1eb0-4b4a-9b4f-fd5fc7688339,507,4,Yes,Great service!
255bfc1c-7e3d-4ee4-84b6-4ec14d16f049,508,2,Yes,Needs improvement.
a48aa108-b599-477f-b78e-e9e8b676291d,509,5,Yes,Great service!
b9c037aa-3289-458b-9923-cafc402d105b,510,2,Yes,Needs improvement.
bd1a8f4b-88ff-4d40-bb72-c86d92fa675f,511,3,Yes,Average experience.
0f9c5300-7aa1-4567-8cf9-eea9e1fdc6d1,512,4,Yes,Great service!
35f0b1be-7aa1-419a-ba93-98bbacdbd5f2,513,1,Yes,Needs improvement.
578799d9-3799-4376-be5b-3ac903c501fe,514,2,Yes,Needs improvement.
3873e57f-0ba0-48e8-8ef4-92c1aac93316,515,2,Yes,Needs improvement.
39a0f145-a5ba-4050-b8aa-76dfdb6ba39b,516,2,Yes,Needs improvement.
6789e7d0-a155-4b2c-b37c-f8b563561add,517,5,Yes,Great service!
56ce4b42-fc9e-4dcb-8b7e-62685f89ed12,518,2,Yes,Needs improvement.
19d9d0b5-a962-4996-abbe-3b5a4d15f7d8,519,2,Yes,Needs improvement.
2b633b18-9d7d-4756-bb4e-c9f5b2cd9a0a,520,2,Yes,Needs improvement.
250a4578-fbe9-4499-9bc0-80fd46fb7bf3,521,5,Yes,Great service!
fc31a597-1f11-4c0f-b967-e60a823dd107,522,3,Yes,Average experience.
4c636e95-025f-4543-8997-623ae0723d96,523,2,Yes,Needs improvement.
3f175534-cc4d-4819-8b9d-fd589e5d9c7a,524,2,No,Needs improvement.
8d93e14a-5b16-4158-ba67-470c7d98302f,525,3,No,Average experience.
22319050-f515-4494-b818-cfd33889936a,526,4,Yes,Great service!
17db4c2f-1e15-4e2f-809c-2ebe80da2ed7,527,1,Yes,Needs improvement.
6263307c-b978-4c4b-89aa-55709be950c7,528,4,No,Great service!
2a60c652-e714-4668-8f1d-7d3a9feefdff,529,5,Yes,Great service!
d116d014-a585-4828-af6b-bdf3c673f2e0,530,5,Yes,Great service!
2ad55c0b-69fb-4fe6-b346-1e07f72cb6c8,531,2,Yes,Needs improvement.
ad6ecc57-a520-43d0-bbcd-bf5e902f3465,532,5,Yes,Great service!
d2d14ef5-5e4c-4fd1-8623-63a932f8dbab,533,5,Yes,Great service!
f3102525-f517-4e72-9f85-7b21a5df6f85,534,4,Yes,Great service!
c9e48e8c-25c6-4c45-863d-04ee541c7a86,535,2,Yes,Needs improvement.
d61a080a-3fec-4a37-95be-a8dc33e88249,536,2,Yes,Needs improvement.
3da06476-f778-4676-b50d-112e8164ceec,537,4,Yes,Great service!
b630794d-6147-4deb-a77b-06674499d0a6,538,3,No,Average experience.
7ca2f582-5854-49d9-9e22-dc3fd1366db1,539,4,Yes,Great service!
f8e8035b-0c00-488a-bee1-011a8e4c3ab5,540,2,Yes,Needs improvement.
2f383b43-a137-48e4-a7b1-3040cc39b925,541,2,No,Needs improvement.
cf0df860-ebc9-4914-9176-a9d19a3624d6,542,2,Yes,Needs improvement.
18318aa3-5466-4d19-90df-997455ab946d,543,2,Yes,Needs improvement.
468b22af-9ca4-464d-9d9a-d9f1908e3a95,544,3,Yes,Average experience.
d1fa82a6-c60b-440c-b21a-6f380eb5e5a7,545,5,Yes,Great service!
ce015413-3a25-46fe-8a27-b0b07b4d8646,546,4,Yes,Great service!
39bfca38-afe9-4e90-821c-3fb3a6a5f0ff,547,4,Yes,Great service!
2ed0b0b2-7da5-4b6e-8654-e77dde67a278,548,3,Yes,Average experience.
5ae86d18-48dc-4e26-87c2-564afab8328f,549,5,Yes,Great service!
0e50f355-c7b6-41cd-9417-182a61ad018a,550,5,Yes,Great service!
dba6fdf8-f3d0-4ffb-8470-9848929ecc92,551,2,Yes,Needs improvement.
bcd49975-3f46-457b-b165-e36bf997c779,552,4,Yes,Great service!
b9aed8e4-e615-49c8-8bf8-1f864ec3f970,553,4,Yes,Great service!
1924c644-af52-4666-b239-09f4dbb54645,554,4,Yes,Great service!
277529a2-8d2c-4e83-8407-26547f5f61aa,555,3,Yes,Average experience.
ca3c6f5f-5bb5-440c-83cd-e2e321bddb41,556,2,Yes,Needs improvement.
56ab087a-8bc7-4e81-9a30-45280b599562,557,2,Yes,Needs improvement.
35e80364-147f-4f67-bfee-f19db360dfaa,558,3,Yes,Average experience.
cedd069d-f96c-4a0a-b404-c02aebc1bb52,559,5,Yes,Great service!
296b67bf-f301-4b6c-b306-1300c879d932,560,3,Yes,Average experience.
7a732f35-6c55-40f0-8c9c-f41c86969901,561,1,Yes,Needs improvement.
4d29d1ab-3455-42f7-81f7-c7ec0e0630cd,562,2,Yes,Needs improvement.
afa14a55-cebe-4baa-a859-7b341725d2c7,563,4,Yes,Great service!
f0b2a5d1-8c7e-4f42-a646-eaf9d5c0244d,564,4,Yes,Great service!
f8f9a45d-0f55-4896-b610-396b7df59abf,565,4,Yes,Great service!
c74e48ff-cf89-469d-a550-d73607806e71,566,1,Yes,Needs improvement.
5d2d904f-78c5-4073-8bc5-72073e9aec86,567,2,Yes,Needs improvement.
fa9fc10e-52da-4681-ab1a-c76c89ecbc51,568,4,No,Great service!
531f04af-b93c-42d5-93c3-7b5dbbf8da91,569,2,Yes,Needs improvement.
c2baf0e0-2179-43f0-a612-4ab4f9b21e6e,570,4,No,Great service!
4b86b5a1-ca6f-4ff8-964c-fbd2bc92fd81,571,2,Yes,Needs improvement.
beed0af9-00c5-4f30-9103-142441241bb4,572,4,Yes,Great service!
f9cf8499-c9c1-4d45-b4ea-6b976aa415b5,573,3,No,Average experience.
4a193501-4169-49fc-83a0-0c6f2321d1e1,574,3,Yes,Average experience.
67f1698c-f594-4a54-9f80-4eeb143a9aff,575,2,No,Needs improvement.
62ccc604-0c53-444b-8053-f649b86d066b,576,3,Yes,Average experience.
f39ef1be-c025-43ea-97f2-a67814898025,577,2,Yes,Needs improvement.
44caa5a2-a1e5-48a2-93d2-28d424655c39,578,1,Yes,Needs improvement.
e68373a3-bb82-4796-b207-343ec6a07656,579,5,Yes,Great service!
1d2c2721-7522-4646-b273-75bf5373bf4d,580,5,Yes,Great service!
03ece8ff-e8b3-4763-b4ff-3f3a4d9dbaeb,581,2,Yes,Needs improvement.
3322c68b-9be7-4aec-b2da-81f07f6bd3c6,582,5,Yes,Great service!
6d268b37-8f52-42d3-94bb-bcf828fea761,583,3,Yes,Average experience.
ea2c7a51-7688-411f-8e47-58be24f43c62,584,3,Yes,Average experience.
8494205c-34ef-4552-ab28-6d090af57e60,585,3,No,Average experience.
d9719e00-e4ad-4e9b-bedd-22d9226cbc6a,586,2,Yes,Needs improvement.
b836c448-ad26-4ec5-9d42-b9e9692e07b6,587,2,No,Needs improvement.
59cf0b0d-91f0-447d-8f32-1333ce315937,588,2,Yes,Needs improvement.
b24beb96-c092-4b74-a6b0-7ff60fc79913,589,2,No,Needs improvement.
4ccb2355-39d1-47ff-b27e-1442fd7fe973,590,2,Yes,Needs improvement.
6346d4ef-69ef-44e3-8ab6-821c0328c136,591,1,No,Needs improvement.
27dd1ac4-4282-46e4-a986-305a5da3f9cf,592,5,No,Great service!
a53bc024-d1a6-4d87-b54e-2019ba35844e,593,5,No,Great service!
3495311e-ae27-4432-9dc1-e7eb711c7673,594,3,Yes,Average experience.
52190216-3d21-4daf-9ec5-405dc6a90598,595,2,No,Needs improvement.
bbfb1b71-0a68-4eb8-876d-e8c5440c7e5b,596,1,Yes,Needs improvement.
97fa7f04-8363-4007-9cae-9610c72c1fe3,597,3,Yes,Average experience.
b1f81ad9-349b-4089-a733-5670b3ada2ba,598,3,Yes,Average experience.
b64fa54a-8c61-4654-95da-75c1a21150f9,599,4,No,Great service!
682b163a-286e-4390-add9-7a1afa585b27,600,1,Yes,Needs improvement.
a2224f96-23a1-4e20-bfd2-55eeac484366,601,3,Yes,Average experience.
be64ac2a-f966-41a5-8cec-495b226716e3,602,3,Yes,Average experience.
d10bf4dc-0de4-4af4-9347-94cc5d04032d,603,3,Yes,Average experience.
d3d877a8-8a0e-457a-9a7d-509de6e8790b,604,4,Yes,Great service!
eef16694-50ca-432d-8aba-590ee2c328aa,605,3,Yes,Average experience.
b5f3f8aa-dc6d-4fff-99c2-f153b06b0f0c,606,3,Yes,Average experience.
331de35c-7af6-4d41-99a7-b99ba005f5e1,607,3,Yes,Average experience.
f7baf55e-4f6b-48c8-998d-daeceaafe543,608,4,Yes,Great service!
b6f56f1c-c4a5-41cd-b97f-49941f38df55,609,3,Yes,Average experience.
de3b496f-6c45-46f6-8012-a0fff0ede303,610,4,No,Great service!
f0f7ad22-c76a-4e0f-88f0-91f09b8b38ae,611,3,Yes,Average experience.
027e789c-ce40-483b-b915-ad7e2648c819,612,3,Yes,Average experience.
d6a919e8-86d8-45e5-a19b-606d205c8491,613,5,Yes,Great service!
d49347fc-0fc9-4d2e-830f-9be91f178f93,614,4,No,Great service!
735444fb-e44a-4371-85ab-4e571f8b4af1,615,4,No,Great service!
0c90e028-4185-400d-971d-f5fdb38950ce,616,4,Yes,Great service!
2a061609-e599-4d3c-8bb8-1d381b37ef19,617,1,Yes,Needs improvement.
8f0881ee-8011-416b-bae8-8926b423ccde,618,1,Yes,Needs improvement.
74ed5145-8d97-45c7-961d-5c8753c9fe59,619,4,Yes,Great service!
7648776e-183f-4a70-bff6-579e8cd4b90a,620,2,No,Needs improvement.
4024c424-aef2-4b2f-895f-a2fcfbc8c77e,621,5,Yes,Great service!
d5030b43-e3c7-4a9a-adab-ddab7dccc026,622,3,Yes,Average experience.
0a8bb5b4-9049-4583-ac86-a890d7b00bdc,623,4,Yes,Great service!
a4364fcd-f2d3-4761-8ba3-627914cb0564,624,4,Yes,Great service!
5e244824-a5cb-4c6e-b5a4-c55bb4629214,625,2,Yes,Needs improvement.
e86e8e63-0f25-477d-a559-90e74910fade,626,3,Yes,Average experience.
1edf3bfa-d12e-4eb5-97f4-79b5b212a6ee,627,4,Yes,Great service!
2c41cbd3-72f4-44ab-81d7-1f4af3025d16,628,1,Yes,Needs improvement.
780b3657-117b-455b-b094-4bdb26a524e3,629,5,Yes,Great service!
6d84414d-f541-41ea-bde9-1c42002c4c22,630,2,Yes,Needs improvement.
752366ce-fc95-4bba-a818-4f34e4917f7d,631,2,Yes,Needs improvement.
85a4b0cb-6e76-436a-a634-0d1aadb610f4,632,3,Yes,Average experience.
9e7b1e95-f692-441a-9aad-10cecab24f24,633,5,Yes,Great service!
8fb3a134-ff23-46e9-b990-3d9687cec69d,634,2,Yes,Needs improvement.
ebd8a3b1-0b3d-4c36-97d0-981047a2a10b,635,5,Yes,Great service!
8c357321-4abf-4f5c-8cc7-147ff6e5203c,636,3,Yes,Average experience.
7faf6458-2f14-4777-9dad-348e57d52b78,637,3,Yes,Average experience.
b4299924-c098-4750-8741-9b4834ae4abd,638,5,Yes,Great service!
39b02e2a-d96e-484f-bdb0-174e7938878a,639,2,Yes,Needs improvement.
08e3f771-b6dc-4d05-9a9b-ccc1e71c681a,640,3,Yes,Average experience.
ab6ef8dd-5a66-4316-a641-4954c798a445,641,4,Yes,Great service!
f6bf2f72-2277-4161-8113-17a8f4c8e393,642,4,Yes,Great service!
1a6cf459-52f6-431f-a605-b7c9fb07ee93,643,2,Yes,Needs improvement.
3bf0d9c1-c156-4501-b30e-96e8b9da5f8c,644,4,Yes,Great service!
b2dc6c34-4f67-448e-90ec-eb1fa4a5c736,645,5,No,Great service!
4b7f2183-088d-4d82-9883-e3f8cc9803de,646,1,Yes,Needs improvement.
ae61716a-1fb6-41ae-ac4e-8cbba2aa378c,647,2,Yes,Needs improvement.
d5ba304c-4603-49ee-9463-c183a2317211,648,2,Yes,Needs improvement.
c8b190e1-089a-4f4f-b1da-e8174937b90f,649,3,Yes,Average experience.
da003f16-b946-4bcf-8082-cbb948bddb3e,650,1,Yes,Needs improvement.
53853918-bc40-45fa-94f7-6322b362c0d2,651,2,No,Needs improvement.
ccd7608f-3adc-438c-b380-46efad4a2b3c,652,5,Yes,Great service!
13aec376-c359-410a-b1a6-014c5f3c44dc,653,3,Yes,Average experience.
ca840003-5083-4fef-adec-6bbdf69777a1,654,4,Yes,Great service!
f6121d2c-ae73-40eb-a39d-8fe7790b185c,655,4,Yes,Great service!
da52d2ee-22bf-48f5-9f65-2a87333ee344,656,1,Yes,Needs improvement.
3fac4317-16e8-47b0-8552-f3c55f13fb98,657,1,Yes,Needs improvement.
c1836315-330f-4be1-a689-b4247a3a10e1,658,2,Yes,Needs improvement.
78dbcde3-8a28-4792-bfac-a645e4dc4306,659,3,Yes,Average experience.
a1b7e3d8-76b8-44d3-8959-9bed9d1911a5,660,4,Yes,Great service!
54899c37-cfa9-426b-aa24-1f463af7fa21,661,5,Yes,Great service!
09fe4cdd-998d-45ba-9d60-22c5e6cfcbd8,662,4,Yes,Great service!
1c24220e-2cab-47e7-8c6b-66e5402adf9c,663,4,Yes,Great service!
b576255e-9854-4f22-a102-f9c964575bc4,664,2,No,Needs improvement.
d9d57b02-42d0-4d55-8aab-47b23c9d128a,665,5,Yes,Great service!
4082fcda-7580-44e9-9945-0186da018d29,666,5,Yes,Great service!
a0152b5b-6c17-4150-9447-16cc4352acea,667,2,Yes,Needs improvement.
b55beaaa-cb53-40be-9e7b-4866d2705470,668,5,Yes,Great service!
50018b7b-6d40-47f4-9003-2b3518578baf,669,3,No,Average experience.
50521700-6077-46a3-8685-abaa7a768555,670,4,Yes,Great service!
e0653245-600c-4c71-8990-a647cac8d87e,671,4,Yes,Great service!
aacad101-f153-4f68-9215-583a9532caba,672,2,Yes,Needs improvement.
15cadfaf-f26d-4dd3-8c2a-a0b18982cbf8,673,1,Yes,Needs improvement.
df7d0dd7-236e-4608-9acb-394acd1f5318,674,5,Yes,Great service!
51d08109-fc90-4838-9874-1408f7b217c7,675,4,Yes,Great service!
ea1af7d2-9943-46bb-94d3-53a5de1f1619,676,2,Yes,Needs improvement.
f0df1684-f28e-4122-9894-f7f139b86bb2,677,1,Yes,Needs improvement.
973b6977-e946-4820-aa80-cac21a8cf13c,678,4,Yes,Great service!
f17f3f92-d26a-4790-8582-8939058e389e,679,4,No,Great service!
8d7dd772-608e-4f5c-a117-727067c0518b,680,5,Yes,Great service!
52555c75-8d55-419e-bd44-cb2cea45ba41,681,3,Yes,Average experience.
b4146e4a-5ba0-43e0-b3a0-daa7f91e5fcd,682,4,No,Great service!
3e612d66-05bf-4618-a930-b0c4d5576899,683,2,No,Needs improvement.
add702c9-2747-493c-9ae7-7eab084a6780,684,2,Yes,Needs improvement.
a9d1a28e-236d-4176-9a1c-96ae0279e2ab,685,3,Yes,Average experience.
d9beccff-33a3-45f3-82bd-eabe706078eb,686,2,Yes,Needs improvement.
991121e7-93d5-43ae-91a3-ac26937bf79b,687,2,Yes,Needs improvement.
fa4a58ef-e383-4348-873d-c8bd122dd7be,688,2,Yes,Needs improvement.
0cf173f9-74d9-41f5-8877-58043fde9814,689,5,No,Great service!
cec56969-5d4f-4107-911d-dc7990c80420,690,4,Yes,Great service!
baeb286b-f0d0-470f-94d1-3d551db6b844,691,3,Yes,Average experience.
ac93281a-92eb-4ab0-a4ee-c67c1a57f9e4,692,2,Yes,Needs improvement.
f2c84743-9027-4770-a460-d0d2904883c1,693,2,Yes,Needs improvement.
9c7faca6-2e67-4784-b02b-7014adab2c2f,694,2,Yes,Needs improvement.
53f30073-83e9-4ef4-ad7d-f5d0d3b59af7,695,3,Yes,Average experience.
605fb1eb-4cc5-4e0d-a633-20186883ac6e,696,1,No,Needs improvement.
883f13c6-01b1-48e9-8406-ff447ce40679,697,2,Yes,Needs improvement.
962c04dd-25d0-4461-859c-15740f3f0f48,698,3,Yes,Average experience.
f8999246-98de-4ebb-a3b5-cecea446be72,699,3,Yes,Average experience.
74188109-d3d1-4f0f-96c4-38e469efafb1,700,4,Yes,Great service!
e1cde87f-ec95-4f87-ae5e-c36572eb7474,701,2,No,Needs improvement.
b8d49848-702b-449f-98fd-d2b979e5c9aa,702,1,Yes,Needs improvement.
93364f7e-83ef-49f3-a1c7-cc8a04351b64,703,3,Yes,Average experience.
a981fa54-f121-4129-b45c-9a545fa3a531,704,2,Yes,Needs improvement.
6a7a7841-28cc-412a-8150-e0c9c948384b,705,2,Yes,Needs improvement.
a6663769-e1d4-4f82-a1c5-0e41e8cee951,706,4,No,Great service!
e2280fe3-722d-4e13-87a4-8c4246653497,707,1,Yes,Needs improvement.
3f05557c-502e-4818-813c-a9982b2bf58c,708,2,No,Needs improvement.
9b33e3a4-2620-49a9-b4fd-33d184f2fd0f,709,2,Yes,Needs improvement.
6f887f28-3e49-4d09-9b19-d8b8d8302081,710,3,Yes,Average experience.
ff4c96d6-71f2-4e8f-b69f-68c3e60fd420,711,1,No,Needs improvement.
bf337a15-1e08-4f20-bdd1-51b0f64ab6ec,712,3,Yes,Average experience.
2fc3e649-5e91-4b91-a1a6-6444e2afa629,713,2,Yes,Needs improvement.
6fe633f1-8f80-4d8b-a1d5-5f8569678586,714,5,Yes,Great service!
bee3eb79-1d18-4ee9-86ad-8a8c6bc4123e,715,4,Yes,Great service!
a08dd21b-e395-4cb1-bf7f-6c0a07c0d116,716,1,Yes,Needs improvement.
aed54a46-8bde-405b-9d8b-abd76bbdb66f,717,1,Yes,Needs improvement.
329fc417-1081-4d45-bf45-f8a20594b24f,718,2,Yes,Needs improvement.
549fc34c-0171-45a7-8148-bd11d89462e8,719,1,Yes,Needs improvement.
5b62a8df-493e-404d-b0ec-2796a59b457f,720,2,No,Needs improvement.
a56b61e0-4ba8-44ca-a449-cb6fbf72ae52,721,3,Yes,Average experience.
21925613-9247-4851-ae0d-38607362f9b7,722,1,Yes,Needs improvement.
ff46a6bf-094d-416d-ab6d-2fedef158d5b,723,3,No,Average experience.
fbc398d8-2d6b-4882-b2e5-88e94b4f3b2e,724,2,No,Needs improvement.
0b19f88e-9d77-445e-b206-c26938b77c07,725,4,Yes,Great service!
de431e06-e924-4069-80bb-ae526ec01269,726,4,No,Great service!
b2c027e8-1ed0-42e9-b9fc-6034750acc98,727,1,Yes,Needs improvement.
10b6a662-2ac1-45ca-8e5d-8f1296b31f4a,728,4,Yes,Great service!
b34191b8-ed65-42b4-b5a5-f8e6b6391f04,729,3,Yes,Average experience.
891f6912-17ab-4863-9efe-ef4fd8ddbbc0,730,1,Yes,Needs improvement.
3db788a6-1cdc-44c2-a2c9-65b27eb0f62a,731,1,Yes,Needs improvement.
7f9ad277-db49-4e6d-9688-782f72b696ca,732,4,Yes,Great service!
15c1604f-ea16-4354-a35f-c9c198049562,733,4,Yes,Great service!
86295b5d-707d-4251-bdb1-429e7010ed13,734,4,Yes,Great service!
5bf7dda1-7d7c-49a5-a6c1-1650ff02f5b0,735,4,Yes,Great service!
e39836bb-e23d-4faa-afad-49e9c41c147e,736,2,Yes,Needs improvement.
3979d5f5-6b5b-4975-a7dc-2bc0bd9c4693,737,2,Yes,Needs improvement.
e7b7b4c6-d631-4a80-9c61-2ec210142131,738,2,Yes,Needs improvement.
08e895d7-702c-4821-8804-0fb7ad973b67,739,3,Yes,Average experience.
774c0afa-7f4d-408c-a1ff-f6c08347f1da,740,4,Yes,Great service!
52dcbffd-5900-4d65-8b2a-b7592fc6c4e6,741,4,Yes,Great service!
55f3ad50-e2fb-4984-bab2-7bcea39c3bd5,742,2,Yes,Needs improvement.
6e3255a8-cbd5-4c86-b739-36e954e38579,743,2,Yes,Needs improvement.
16b6bf61-f68c-42e6-a2a4-5909a2dd22d5,744,5,Yes,Great service!
f06dca24-7bc6-4121-bb64-a525bc653d94,745,4,No,Great service!
0cbd3c03-9e2a-44ac-8122-b5b3284c03d2,746,2,Yes,Needs improvement.
a3e05309-b5a1-4949-a788-420992ca525a,747,2,Yes,Needs improvement.
e5a3d8e9-44c1-41b5-abbb-d76379a7e63b,748,3,Yes,Average experience.
42e4bf01-40ee-431d-95da-d216a6cdae3c,749,3,No,Average experience.
70e7e756-04d9-445e-b0d7-3df71c221cea,750,4,Yes,Great service!
1b628a9d-7536-4b9f-b20f-72c09dde0188,751,4,Yes,Great service!
42da8609-46e1-4e40-9c8a-b6a7533c2ed5,752,5,Yes,Great service!
606cc2f5-2c81-4bf0-91f6-04068b5a8683,753,2,Yes,Needs improvement.
42a259a6-c664-4285-8303-cbc11e2595b8,754,4,Yes,Great service!
1fa3ed1f-6158-4f88-b1be-94c36ab1cdb6,755,3,Yes,Average experience.
893259f3-1ee8-4a4c-a811-34e250647c59,756,3,Yes,Average experience.
af390a9d-dcd1-4413-8760-801f9c81fc46,757,3,Yes,Average experience.
3a46fbe3-d255-44de-9330-ba8312087e20,758,1,No,Needs improvement.
b54401cb-9541-4a9d-890a-aa93bc9a7998,759,3,Yes,Average experience.
b9567731-8a4c-4e1f-81af-eb2a62c8c3f4,760,4,Yes,Great service!
9beab529-9801-4a2f-a5b8-36938fbba749,761,3,Yes,Average experience.
f75d599f-6b2d-4b09-8707-9ad480be7e35,762,4,Yes,Great service!
b1a8b71f-491b-40e9-9ca3-fbb3ff11c8ba,763,2,No,Needs improvement.
30aed12d-e8f1-4194-ae25-356aaee01ec9,764,4,Yes,Great service!
c32d4526-b3e4-410a-85f5-0c522e2fbf77,765,4,Yes,Great service!
adb14670-ad9f-400d-8882-d73c1c6345ab,766,3,Yes,Average experience.
370bc063-dd90-479e-b888-f6ed8d244e3e,767,2,Yes,Needs improvement.
a07eafb1-01e0-4ad8-8880-2d4d89b8b7ee,768,3,Yes,Average experience.
bca0258e-b63d-45d5-905c-7527dc57546d,769,1,Yes,Needs improvement.
e4610160-134d-495a-ba38-8c8f139309d1,770,5,No,Great service!
4447ceab-84ef-4324-8c1b-4157ec9f9c54,771,4,Yes,Great service!
152aeaec-2bdf-4b41-b3ed-a8f1026b5383,772,1,Yes,Needs improvement.
5c238d8d-71da-45b9-8eea-9db8f165d779,773,2,Yes,Needs improvement.
16476e3f-1127-4207-8eae-1325ea074d80,774,3,Yes,Average experience.
bfa016c2-c09c-4506-88f1-096d9c4ffb46,775,2,Yes,Needs improvement.
2a038ad4-a667-4982-9c3d-e1b0022b6683,776,3,Yes,Average experience.
6e8f75a1-17dd-4d81-95da-705cd4ef00aa,777,2,Yes,Needs improvement.
0c6b7074-ab10-4c9b-9168-2e09f1f7d904,778,1,No,Needs improvement.
3fead90a-21f8-472d-9db7-570eb390b059,779,2,No,Needs improvement.
8b0ea0b9-1246-4474-a475-c0eec6913069,780,4,Yes,Great service!
328067a1-4187-422b-a57d-5e521a5165ca,781,3,Yes,Average experience.
cdfd9531-302b-4831-92a1-fe7ddfa59722,782,2,Yes,Needs improvement.
bed63da0-8033-45c2-9413-d64db962c8a7,783,3,Yes,Average experience.
1df05d18-4e2d-4255-bd13-1a3d1e2c2e7d,784,2,No,Needs improvement.
ac9204b4-0306-4258-8227-b8d5b0701a53,785,4,Yes,Great service!
fb95d0fc-ad72-4d05-924c-de09ccea5031,786,2,Yes,Needs improvement.
d53ae57f-e00b-4534-b158-f1fb2c7a0d31,787,4,No,Great service!
0aa6fcb9-c1bc-4e59-9296-a12d8ac35ac4,788,5,Yes,Great service!
34396729-4b8e-4509-88cb-a592b0cad2eb,789,5,Yes,Great service!
838b77ad-bc2e-4b59-ac7d-d667f664c720,790,1,No,Needs improvement.
8623bc74-65a2-4cc8-855b-e95d06bfd9c4,791,2,No,Needs improvement.
9a3b0319-32f5-4510-a4ee-b4a6c14565c7,792,4,Yes,Great service!
a18c5492-74e0-479a-98fb-47279740b212,793,1,No,Needs improvement.
c362a810-a261-4b8d-9620-bee66406face,794,3,No,Average experience.
332cce0a-0e7d-4698-ab95-c72f0d95aaf5,795,3,Yes,Average experience.
dff389aa-4c36-470c-bf5e-3b8cc0582da5,796,4,No,Great service!
ba05dd0f-a966-4a5a-aecf-1ed21861c9f3,797,4,No,Great service!
ef705d01-8da0-4d88-8c6f-3051bc788423,798,4,No,Great service!
b0894de4-e626-4164-9361-6b3a7cffae92,799,2,Yes,Needs improvement.
651ea252-b974-4cde-9259-f9606ee35607,800,3,Yes,Average experience.
4e40bfba-a8cf-4589-9dc8-9e1a540e7d01,801,2,Yes,Needs improvement.
8e0eabb7-8f20-45e7-9ec6-46eb2dc09158,802,2,Yes,Needs improvement.
b41c504f-e346-4415-a526-7a2bec50ace4,803,5,Yes,Great service!
5bf86f3c-a612-4a1c-889d-4b76775c30b5,804,4,Yes,Great service!
6cd6f011-fd61-413b-b7f2-5d368bddcee3,805,4,Yes,Great service!
4d85e9c7-a001-4720-a00b-290346426c45,806,1,Yes,Needs improvement.
231d260b-b362-4d55-9b0a-da0b9f6facc1,807,3,Yes,Average experience.
000cd21a-65a7-4a30-b5b7-0dd9728f5897,808,2,Yes,Needs improvement.
3ee82983-d557-4241-91dd-b9bf613d2de9,809,4,Yes,Great service!
249204c7-ad58-4b1b-be31-537aa43e558c,810,4,Yes,Great service!
fd1935cc-74ed-460e-bb2d-520ba4f34185,811,2,Yes,Needs improvement.
1b0c62eb-27c8-4c6c-9be5-a4c395af6d0c,812,1,No,Needs improvement.
d9a09007-5bb4-4c18-b281-87c4aa055442,813,2,Yes,Needs improvement.
a484e035-330f-4aa3-ab52-f93c2321e64e,814,3,No,Average experience.
67fd64c4-a334-458a-abd2-b5121335e5db,815,4,No,Great service!
ab7a3d1c-0cfe-4683-be11-bafe3d4196fe,816,3,Yes,Average experience.
5820b3f2-5989-4d6c-8d24-34f9963dc8bf,817,2,Yes,Needs improvement.
a561e1e9-17ec-489c-86c1-b6cbe99630f7,818,3,Yes,Average experience.
3dba6da8-5844-49fc-914b-9547c9dc72b8,819,3,No,Average experience.
cf685878-0b70-4933-8cde-1b6b1132567c,820,3,No,Average experience.
052226b9-8366-4636-a8d5-76b8a6ce6d7a,821,3,Yes,Average experience.
5893ef12-ab3f-4d22-9d5e-6aee0240f59a,822,4,Yes,Great service!
f9c3ee05-0012-4399-a7af-55453d3fec1b,823,3,Yes,Average experience.
a3b81f92-a3c9-4c6a-8601-76336f5aad52,824,4,No,Great service!
c2c226ff-1d8b-42d9-b5d9-ad365287964d,825,3,Yes,Average experience.
6dd49c96-6744-4b9e-aded-cba5a22c3d4f,826,5,Yes,Great service!
b7a1267e-9a1e-4036-9cba-a49628489240,827,3,Yes,Average experience.
21019bff-4fe5-4745-9827-4e80e0821918,828,3,No,Average experience.
1e23da4b-9e21-441f-b801-102682f73861,829,2,Yes,Needs improvement.
95082801-e3be-4ca0-9df9-24fb43d643ed,830,3,Yes,Average experience.
6177a771-af70-4e70-ab69-c95e85671b58,831,4,Yes,Great service!
370b9a29-0a53-4df9-9a72-083cb266986c,832,4,No,Great service!
863e1f2a-18a8-46ef-ab05-3fc41b656dab,833,2,Yes,Needs improvement.
b26a51a5-76b4-4672-9f13-e10bff7a884d,834,3,Yes,Average experience.
82c299f0-7487-4772-bf03-86fa13badc91,835,2,No,Needs improvement.
9d17d218-fc3b-4de5-9812-62ac5683ede0,836,4,Yes,Great service!
9b47e639-4d25-41eb-af95-be79c971bf51,837,2,Yes,Needs improvement.
5c0a1feb-f7ea-466e-8a6c-af9b09697101,838,1,No,Needs improvement.
ed94898b-5b92-4c67-9295-38dfd926fe41,839,2,Yes,Needs improvement.
4596da75-74df-483f-b659-f1886676cc75,840,5,No,Great service!
0d67d38e-990f-4c5b-adcc-3daf569f3ab3,841,2,Yes,Needs improvement.
76f186ab-af47-4b49-8775-e395d49405f0,842,3,Yes,Average experience.
61f6dfbe-114b-4c79-8200-79f51dc3c26e,843,5,Yes,Great service!
41e02a89-566a-4ce7-af52-1b94f186e47a,844,4,Yes,Great service!
d038e153-c601-418b-a1fa-01ba231ae7c7,845,4,No,Great service!
ac777762-6620-4167-97cf-775f498bcf67,846,5,Yes,Great service!
c4100108-0256-4389-8cb3-46637a211151,847,2,No,Needs improvement.
9a45693d-7227-490e-8e76-833a4baf0f5e,848,4,No,Great service!
4c61845e-fa7e-4d94-85d1-fb63c194f97f,849,3,Yes,Average experience.
1519fd38-66fb-471d-b3a9-dcaa6c6f6d2e,850,3,Yes,Average experience.
09624ec9-e803-42eb-b677-7be4970c9eb4,851,2,Yes,Needs improvement.
310dc9d1-7c41-4a2a-9b67-f7bb33bb7382,852,3,No,Average experience.
486bb6bf-eafd-47d9-9f73-3a3e5d286aa4,853,2,Yes,Needs improvement.
63329992-d1ad-4e51-89f9-0de9f7980131,854,2,Yes,Needs improvement.
e3ad64d4-eab9-4b02-af1d-c1217d024c6d,855,5,No,Great service!
fe2390f3-e7bb-4efc-8f3d-c97fe6b0da0a,856,2,Yes,Needs improvement.
dac726b6-6786-4fb3-b3bc-9a7107f4fee5,857,5,Yes,Great service!
f0cd7f05-ea87-455e-a382-95d31e0ef546,858,3,Yes,Average experience.
b42a0456-8736-4a84-b25e-134d86879aa9,859,3,Yes,Average experience.
620f230b-439e-454c-a930-16eae0bda1ee,860,3,Yes,Average experience.
938703c9-2b29-4f36-8606-ddc4c2dd901d,861,2,Yes,Needs improvement.
1f878b32-2b42-4596-812f-aa3896f61c09,862,2,No,Needs improvement.
29344e15-2477-4047-8336-a758d9f93502,863,5,Yes,Great service!
3f8b4433-b60e-495c-9759-ba9625f88c74,864,2,Yes,Needs improvement.
bf00f56c-6a49-49a6-8ee2-5e54bfcb3388,865,2,Yes,Needs improvement.
479bc637-8cc3-4f3b-83af-fcfe734a6ca3,866,4,Yes,Great service!
197dbae1-0bc2-4a72-8c64-8ca2c3231466,867,2,Yes,Needs improvement.
a7437402-bec7-4b11-bf53-dc0afb0d3cda,868,1,No,Needs improvement.
f2cffcae-f833-4bfb-a296-e3f171e15b9f,869,2,No,Needs improvement.
bdb025ff-2451-45a4-91d0-59b26699cd99,870,1,Yes,Needs improvement.
86433603-c92a-4d7c-a193-5990abdd1a8f,871,4,Yes,Great service!
66d06371-d8e8-4ebb-ba9e-8eefffa361be,872,1,No,Needs improvement.
2d79a2d1-506e-40c7-baa0-61e9336b00cb,873,2,Yes,Needs improvement.
10d08d11-25f9-44bf-9bb9-61555275eb94,874,4,No,Great service!
1a6b6a7d-1a38-4ad6-8e53-2ffdbb134f02,875,5,Yes,Great service!
b8d77d2f-8dda-4ff2-b27b-7bb468c690b2,876,3,Yes,Average experience.
b8a60402-23d2-4b8d-ae46-024d51d05ef3,877,4,Yes,Great service!
bcc57be0-0779-450a-a544-e3136ea05d13,878,2,No,Needs improvement.
2c154804-0997-49a3-b919-955c9be4f19f,879,2,Yes,Needs improvement.
9fa4a627-d306-48be-8548-867bad5cba24,880,4,Yes,Great service!
0e614bcd-9767-4900-8651-0367cbdc4318,881,3,Yes,Average experience.
4204d733-9855-4b1e-9588-1c1c25db5946,882,3,Yes,Average experience.
8a63b93c-def3-406a-b998-63f27799fddb,883,1,Yes,Needs improvement.
e7ea8d5a-31a3-4c4d-828c-37e787d5b7be,884,2,No,Needs improvement.
cd6bb03b-eb35-47a0-ad6e-0291b7893986,885,2,Yes,Needs improvement.
38eccb4d-b69f-4eab-b9ff-2c2957d9cbb0,886,1,Yes,Needs improvement.
0df80b89-9ce7-4ed1-bcdf-e961e45e2ad0,887,4,No,Great service!
90dbfad6-54ce-46be-88cc-e2c2a518a418,888,3,Yes,Average experience.
4c859233-8325-4d9e-bf98-e734e2ed8686,889,4,Yes,Great service!
94f6c67a-d009-4507-87fc-584ea1b24627,890,4,No,Great service!
48998e5f-d40e-43ce-92a7-4a4144bed486,891,2,No,Needs improvement.
668c879b-d2dc-42c8-b2b8-d8aa21768dd7,892,2,Yes,Needs improvement.
2db0728d-1e5e-4e54-9907-7299dc3bbdd8,893,4,Yes,Great service!
35ab8466-b557-4b00-b166-cdcf762cdfbc,894,5,Yes,Great service!
cb6ad0c7-a235-4dd4-9355-08d073b5bad5,895,2,Yes,Needs improvement.
2e4bebc4-2989-4880-a77d-1be96070b6a1,896,3,Yes,Average experience.
b8adad87-3a40-45dd-93df-d9079416e4dc,897,1,Yes,Needs improvement.
46707cd6-4ced-4164-a9df-14e9389641dd,898,3,Yes,Average experience.
832920b7-c143-4426-b72f-871a45ee432d,899,5,No,Great service!
59bb8900-6198-4718-84c7-aab4ca20508d,900,1,Yes,Needs improvement.
4ce953a7-22d9-4db3-982a-2277f966d59f,901,1,Yes,Needs improvement.
68f82063-eeb1-4ad2-81a1-fb0f268b84b6,902,1,No,Needs improvement.
47e321c2-a4ba-48bf-83b8-fa0513bc0dc6,903,4,Yes,Great service!
235fc3d5-2224-4806-8e07-2a5273edb223,904,1,Yes,Needs improvement.
390fecf5-e841-4a39-b901-2b9c6057153a,905,3,Yes,Average experience.
ca179780-be5f-402f-b58a-c73801667221,906,2,Yes,Needs improvement.
2c2cd22b-a568-45c6-812a-1f9b15969802,907,1,Yes,Needs improvement.
5bab7f4a-8cd7-4c27-929a-f586ca376c36,908,4,Yes,Great service!
3e6b74fd-9f02-4cbf-ab29-d9129d1b83df,909,2,Yes,Needs improvement.
144823f7-e7e6-46c7-8158-24639d8776a0,910,2,Yes,Needs improvement.
f5141058-3138-4975-bbf3-3a349c2dfa97,911,1,No,Needs improvement.
6118433b-882c-4d1e-ac93-a7918b60c511,912,3,Yes,Average experience.
c7f4f4f9-8222-4ad3-aca3-91d47ba16dd7,913,3,Yes,Average experience.
60d2759a-3ad5-4382-919f-b03e97314c91,914,5,Yes,Great service!
4f6e274b-deda-4027-a550-f74a1422373f,915,4,No,Great service!
0bc4d7ba-70d0-4bcb-a949-ece5e3395b1a,916,5,Yes,Great service!
e821e716-eac8-4da1-9e9f-6f5b72d35458,917,2,Yes,Needs improvement.
49560c36-8560-4e8a-a7fb-19979d2cd944,918,4,Yes,Great service!
c40f5405-7a25-4d81-8128-17eb224629cd,919,5,Yes,Great service!
92779574-c457-4cc3-b5f7-89bca6b07458,920,3,Yes,Average experience.
ad5229dd-639f-4471-9975-0f00d5aba8ae,921,2,Yes,Needs improvement.
511eeeb8-5040-4c43-ba6c-7da657f7d71f,922,5,No,Great service!
920b725b-1787-4810-8ce0-9ecbcfa28fb8,923,4,Yes,Great service!
79c2d2e4-9ae1-4991-924f-93ff30307633,924,3,No,Average experience.
4a552ea0-8acb-4e09-8ccc-9cea109fd8ee,925,4,Yes,Great service!
3712f2d1-87cd-46a1-bf01-2e32177d6e7e,926,2,Yes,Needs improvement.
cd3566ef-5c37-4739-8a62-9c5eda2cf852,927,3,Yes,Average experience.
e4354021-392a-4fc4-a47a-c5915da64a3a,928,1,Yes,Needs improvement.
dc0e3375-85d0-491c-b3cd-1d56043d72db,929,5,Yes,Great service!
5d75c03c-5f4f-4f10-808f-e6d7b361e70a,930,4,Yes,Great service!
8e6e5003-214f-4f12-8fd0-1cbd5f65c8ce,931,2,Yes,Needs improvement.
a21c0c06-ed37-4567-8be7-728e6a1aba9d,932,4,Yes,Great service!
bef6a59a-c186-4221-9030-56b79e4c24dd,933,3,Yes,Average experience.
7463835e-eafb-4f20-b83c-91eb635a11f2,934,2,Yes,Needs improvement.
a0154d65-91ed-454a-bfae-ef01a8290f3c,935,3,Yes,Average experience.
f6ba745b-a558-41e3-bab2-b77dfa740cc8,936,4,Yes,Great service!
6c521d13-b719-4b68-a775-ee42a89e22f2,937,3,Yes,Average experience.
fc737d92-11ab-4d11-a4eb-8000ef40d162,938,3,Yes,Average experience.
5be9fdb3-dd92-4d7c-8db9-77a99e91a71c,939,4,No,Great service!
35145890-84c8-4c46-a359-5fa4b4adaf89,940,1,Yes,Needs improvement.
051a0039-3803-4cee-9a06-92953b8d3447,941,3,Yes,Average experience.
4b1f0d7b-0977-4513-b52a-7d25f1901b7e,942,4,Yes,Great service!
d9b59f84-edc3-41c3-adea-2d2d086c405f,943,5,No,Great service!
2ad11fe8-7d1b-495e-b1a0-449dd703262f,944,1,Yes,Needs improvement.
730ad7de-27af-4ff9-87f8-9f6211a1e557,945,3,Yes,Average experience.
be9cafcf-ed17-46e9-8cdc-718dc4057420,946,2,No,Needs improvement.
52150ed8-7ddc-4413-805d-b774132a5e58,947,3,Yes,Average experience.
0ff1c51f-915c-431b-9786-7b1213281726,948,4,Yes,Great service!
4f9a5f98-4d95-4273-8b2c-c805d1403430,949,2,Yes,Needs improvement.
421d4dca-2a95-4908-8e50-3fd82598f383,950,2,Yes,Needs improvement.
531350e0-6f25-47ce-a206-527c3c6841d6,951,2,Yes,Needs improvement.
134a5a2f-a7cf-405c-8257-cf73c29d782b,952,4,Yes,Great service!
46a02a9b-65ec-4acd-8f80-35f55bd20c98,953,1,Yes,Needs improvement.
e7b33085-178b-4968-a0f8-7ba2cf2e3296,954,4,Yes,Great service!
02b622e9-808e-48d2-9d26-4b1b6593b659,955,2,Yes,Needs improvement.
1bff3142-a5e1-4b55-97d3-f4ddd963dc72,956,4,Yes,Great service!
8b4bd7e7-a451-4ae0-9754-bf0843d75413,957,4,Yes,Great service!
379d58f9-dc26-4108-b140-11a1afc2ccfc,958,2,No,Needs improvement.
bbcd6c18-a06e-4de5-810e-4265ad3f5dd4,959,4,Yes,Great service!
f910abb3-f105-4252-b990-e2c94c6a70f4,960,1,Yes,Needs improvement.
115affac-b173-4cdf-bfe1-e8f335adde88,961,2,Yes,Needs improvement.
f74f6900-7159-4914-b1b6-8ecd400945ce,962,3,Yes,Average experience.
88eae7d4-1e49-4952-ac5d-4e5763b664f4,963,4,Yes,Great service!
8cbadae5-7ecc-4af4-8413-4dc2c5c5ae8a,964,1,No,Needs improvement.
951c25d5-4d4c-4280-9462-52e7f43ba052,965,2,Yes,Needs improvement.
769de1e3-4eed-4124-b3b0-d6763527a5c8,966,1,Yes,Needs improvement.
54c29d5c-19ec-4829-8db5-d4412837f418,967,5,Yes,Great service!
9cdf0664-5c91-4845-934f-c96d19ca9c1b,968,3,No,Average experience.
ee224f70-0359-4c6d-9224-cbd2b7c4b3ee,969,5,Yes,Great service!
c550eca8-ae62-490c-99bd-4f9378ef7666,970,1,No,Needs improvement.
033e02f7-1e93-4127-acf7-2140bd9bc648,971,2,Yes,Needs improvement.
e959137f-795e-4f2b-8247-2360aea4a441,972,1,No,Needs improvement.
b9f6143b-b238-4056-a1ec-47541cf14654,973,5,Yes,Great service!
e310ff72-ad62-4094-8c4d-6e4024e2226c,974,2,Yes,Needs improvement.
e207db20-2f7f-4cd7-bbd0-fe6c6108ffcc,975,2,Yes,Needs improvement.
c3a58237-01b2-46cf-9d23-c3cf7e1f48c4,976,4,Yes,Great service!
55ac0d06-be9d-4951-b329-af6e18a73d94,977,3,Yes,Average experience.
dfe2c0a0-a96b-4c42-b6d2-2a7baec76a82,978,3,No,Average experience.
b2a6e468-d02b-4243-8091-3ac10463750e,979,3,Yes,Average experience.
45667c48-79ba-430a-9118-c400e336c243,980,3,Yes,Average experience.
7bab1baa-2172-40aa-a44a-913af933a9fa,981,3,Yes,Average experience.
2b54ff7a-5a28-47b2-8b83-83f2bb96f602,982,3,Yes,Average experience.
7c93243e-c90b-4454-90d3-802db876a455,983,4,Yes,Great service!
57b936b0-3346-4332-be0a-824e232a5e82,984,1,No,Needs improvement.
1a3c2131-73dd-4bc6-9064-05a85bd29cb1,985,4,Yes,Great service!
0cf477ef-18c8-4616-a410-8e9a3f779cae,986,3,Yes,Average experience.
46feacd4-fe13-43cd-8f2d-5c15eb346d3a,987,4,Yes,Great service!
fb3df063-8409-45ea-8de9-18b33922a7e4,988,3,No,Average experience.
b4157cea-0738-4ba4-9770-a3dbe9fa97e2,989,3,No,Average experience.
e0f1e44c-efd1-4588-9054-b2d518763576,990,3,Yes,Average experience.
c24369e7-2387-4af6-94c3-a832b231c60b,991,2,Yes,Needs improvement.
299656e2-4c9d-4907-93b2-2cecedcabf94,992,3,Yes,Average experience.
9879cf35-f471-4986-9d26-4599c4dd8df5,993,3,Yes,Average experience.
ee4c1b18-56a2-449d-9e5f-8273af9a1168,994,3,Yes,Average experience.
d1151fff-dcb9-4d5f-993c-572b4347dbca,995,3,Yes,Average experience.
46d47d41-6fa5-43b0-a40d-fea5bd64987e,996,2,Yes,Needs improvement.
4359ff43-1067-43b6-9690-636b6f74e55d,997,1,No,Needs improvement.
40198303-5c45-4e4d-a793-13b817e52113,998,2,Yes,Needs improvement.
cf0e6d2b-315c-467a-85d8-a6ad77d0359e,999,3,Yes,Average experience.
9b02c535-2649-4478-9396-6f0a6b77af9e,1000,4,Yes,Great service!
42cc32f8-23c0-490e-a341-0b6f7603ccca,1001,1,Yes,Needs improvement.
5fd62bb0-2079-4a98-b94c-94589affbadc,1002,4,Yes,Great service!
219c5f3d-dc26-46c0-8056-c9bdbdc27e8f,1003,4,No,Great service!
8b95e8ea-8070-4d95-97ea-a7faf882ee16,1004,2,Yes,Needs improvement.
a0d72005-411e-4bac-9192-4b21b54c54f9,1005,4,Yes,Great service!
8a29d1fb-ee88-491c-b34e-32fc524314c8,1006,4,Yes,Great service!
ed7bd78d-bc67-4747-ae2a-485c97382a4d,1007,4,Yes,Great service!
7bac9b44-8af0-444c-858b-8f794d715e47,1008,2,Yes,Needs improvement.
a250ed78-7e22-4279-ae71-ad1d0a9c4b09,1009,2,Yes,Needs improvement.
f62e329e-32c2-4a25-9317-bf7bd45b1527,1010,4,Yes,Great service!
6e145fa4-8ee5-4a98-bc76-1e3696ede9e9,1011,5,Yes,Great service!
9e153705-df63-4d7a-9ba3-d1da1863f159,1012,4,No,Great service!
b766c0f6-779f-40d5-971d-76502a7a5550,1013,1,Yes,Needs improvement.
6eec28ad-f5c4-4ab4-8a32-b32aaa5f0169,1014,5,Yes,Great service!
55631bf4-850f-4739-a227-d70e0ead2ebd,1015,2,Yes,Needs improvement.
5bf99857-c8cd-4671-891d-bf0780e2811b,1016,3,Yes,Average experience.
d45ce2cf-312d-427a-87c8-9c0186fc96c7,1017,3,Yes,Average experience.
c65bc093-f900-47bb-abfa-d69a8a9ed16f,1018,3,Yes,Average experience.
cb3232ab-b5e9-4a21-afef-2a24b31083a0,1019,5,No,Great service!
2c01b5a6-c9dd-40a8-a78f-5465228dc422,1020,4,Yes,Great service!
65dcae7f-4420-4cd0-8206-be0cbd5a19be,1021,2,Yes,Needs improvement.
c7673644-95a1-4c98-a890-f9a82015949c,1022,3,Yes,Average experience.
